Ticket;Open Time;Type;Size;Item;Price;S / L;T / P;Close Time;Price;Commission;Taxes;Swap;Profit
176256490;2023.12.12 18:54:45;buy;0.01;gbpjpy#;182.543;182.577;0.000;2023.12.12 19:06:57;182.576;0.00;0.00;0.00;0.21
176251161;2023.12.12 17:52:52;sell;0.01;audusd#;0.65567;0.65532;0.00000;2023.12.12 19:14:06;0.65534;0.00;0.00;0.00;0.31
176211983;2023.12.12 13:04:49;buy;0.01;nzdusd#;0.61519;0.61541;0.00000;2023.12.12 13:15:26;0.61540;0.00;0.00;0.00;0.19
176207709;2023.12.12 11:57:04;sell;0.01;gbpusd#;125.648;125.632;0.00000;2023.12.12 13:53:42;125.633;0.00;0.00;0.00;0.14
176170150;2023.12.11 23:46:04;sell;0.01;usdchf#;0.87860;0.87580;0.00000;2023.12.12 09:43:43;0.87580;0.00;0.00;0.00;2.97
176169807;2023.12.11 23:21:07;buy;0.01;eurgbp#;0.85723;0.85782;0.00000;2023.12.12 10:02:32;0.85782;0.00;0.00;0.00;0.69
175859573;2023.12.06 23:33:35;buy;0.01;usdchf#;0.87496;0.87842;0.00000;2023.12.11 22:40:38;0.87841;0.00;0.00;0.00;3.65
175808856;2023.12.06 13:56:31;sell;0.01;audusd#;0.65729;0.65719;0.00000;2023.12.06 18:52:49;0.65720;0.00;0.00;0.00;0.09
175808852;2023.12.06 13:56:28;sell;0.01;nzdusd#;0.61498;0.61470;0.00000;2023.12.06 21:50:05;0.61470;0.00;0.00;0.00;0.26
175797012;2023.12.06 11:27:15;buy;0.01;gold#;2022.30;2023.55;0.00;2023.12.06 11:44:00;2023.47;0.00;0.00;0.00;1.08
175712426;2023.12.05 14:48:36;sell;0.01;gold#;2025.11;2024.34;0.00;2023.12.05 16:27:52;2024.37;0.00;0.00;0.00;0.68
175694208;2023.12.05 10:32:28;sell;0.01;eurgbp#;0.85717;0.85707;0.00000;2023.12.05 13:19:20;0.85707;0.00;0.00;0.00;0.12
175613661;2023.12.04 13:15:20;sell;0.01;gbpjpy#;185.831;185.828;0.000;2023.12.04 14:06:17;185.827;0.00;0.00;0.00;0.03
175606274;2023.12.04 11:13:54;buy;0.01;usdchf#;0.87302;0.87336;0.00000;2023.12.04 12:12:10;0.87333;0.00;0.00;0.00;0.33
175536917;2023.12.01 17:59:27;sell;0.01;gbpjpy#;186.516;186.437;0.000;2023.12.01 18:55:42;186.438;0.00;0.00;0.00;0.49
175507616;2023.12.01 12:34:59;buy;0.01;nzdusd#;0.61743;0.61756;0.00000;2023.12.01 17:02:59;0.61756;0.00;0.00;0.00;0.12
175506785;2023.12.01 12:15:18;sell;0.01;eurgbp#;0.86065;0.86043;0.00000;2023.12.01 15:49:46;0.86043;0.00;0.00;0.00;0.26
175481493;2023.12.01 09:20:38;buy;0.01;eurgbp#;0.86300;0.86317;0.00000;2023.12.01 09:51:41;0.86317;0.00;0.00;0.00;0.20
175422636;2023.11.30 13:13:30;sell;0.01;gbpjpy#;186.686;186.681;0.000;2023.11.30 13:21:24;186.680;0.00;0.00;0.00;0.04
175411379;2023.11.30 11:23:32;sell;0.01;eurusd#;109.342;109.342;0.00000;2023.11.30 11:27:13;109.342;0.00;0.00;0.00;0.00
175409294;2023.11.30 10:53:21;buy;0.01;gold#;2040.49;2040.98;0.00;2023.11.30 10:55:38;2040.98;0.00;0.00;0.00;0.45
175382330;2023.11.29 21:44:12;buy;0.01;gold#;2045.86;2046.05;0.00;2023.11.29 21:48:05;2046.04;0.00;0.00;0.00;0.16
175381992;2023.11.29 21:33:56;buy;0.01;nzdusd#;0.61610;0.61672;0.00000;2023.11.30 03:01:14;0.61671;0.00;0.00;0.00;0.55
175370345;2023.11.29 18:53:31;sell;0.01;gbpjpy#;186.977;186.974;0.000;2023.11.29 23:30:43;186.975;0.00;0.00;0.00;0.01
175368500;2023.11.29 18:14:49;buy;0.01;gold#;2041.53;2041.93;2044.35;2023.11.29 18:58:43;2041.94;0.00;0.00;0.00;0.37
175367409;2023.11.29 17:54:39;sell;0.01;gold#;2043.29;2043.24;0.00;2023.11.29 17:56:37;2043.24;0.00;0.00;0.00;0.05
175344320;2023.11.29 13:32:08;sell;0.01;gold#;2038.56;2038.29;0.00;2023.11.29 15:39:21;2038.34;0.00;0.00;0.00;0.20
175341716;2023.11.29 12:27:08;sell;0.01;gbpusd#;126.891;126.858;0.00000;2023.11.29 12:34:10;126.859;0.00;0.00;0.00;0.29
175337011;2023.11.29 11:12:30;sell;0.01;audchf#;0.58140;0.58225;0.58068;2023.11.29 11:31:26;0.58068;0.00;0.00;0.00;0.75
175336985;2023.11.29 11:11:54;sell;0.01;audusd#;0.66320;0.66373;0.66262;2023.11.29 11:31:24;0.66261;0.00;0.00;0.00;0.54
175333593;2023.11.29 10:05:53;buy;0.01;usdchf#;0.87728;0.87744;0.00000;2023.11.29 12:55:52;0.87745;0.00;0.00;0.00;0.17
175332927;2023.11.29 09:58:25;sell;0.01;gbpjpy#;187.067;186.973;0.000;2023.11.29 10:00:02;187.019;0.00;0.00;0.00;0.30
175305200;2023.11.28 19:44:34;buy;0.01;nzdusd#;0.61328;0.61370;0.00000;2023.11.28 21:58:22;0.61369;0.00;0.00;0.00;0.37
175305196;2023.11.28 19:44:26;buy;0.01;gbpusd#;126.922;126.926;0.00000;2023.11.28 21:13:03;126.925;0.00;0.00;0.00;0.03
175305188;2023.11.28 19:44:16;buy;0.01;audusd#;0.66498;0.66517;0.00000;2023.11.28 21:57:10;0.66517;0.00;0.00;0.00;0.17
175282552;2023.11.28 15:33:00;buy;0.01;eurgbp#;0.86757;0.86769;0.00000;2023.11.28 16:00:21;0.86771;0.00;0.00;0.00;0.16
175266224;2023.11.28 09:07:52;sell;0.01;eurgbp#;0.86697;0.86694;0.00000;2023.11.28 12:52:44;0.86694;0.00;0.00;0.00;0.03
175226033;2023.11.27 13:19:23;sell;0.01;usdchf#;0.88046;0.00000;0.00000;2023.11.28 08:33:24;0.88033;0.00;0.00;0.00;0.13
175216587;2023.11.27 09:53:10;buy;0.01;gbpusd#;126.133;0.00000;0.00000;2023.11.27 13:18:52;126.227;0.00;0.00;0.00;0.86
175180685;2023.11.24 15:04:41;buy;0.01;nzdusd#;0.60676;0.60678;0.00000;2023.11.24 15:48:33;0.60678;0.00;0.00;0.00;0.02
175180362;2023.11.24 14:50:01;buy;0.01;eurusd#;109.176;109.186;0.00000;2023.11.24 15:48:29;109.185;0.00;0.00;0.00;0.08
175178618;2023.11.24 13:23:06;sell;0.01;eurgbp#;0.86881;0.86853;0.00000;2023.11.24 13:58:57;0.86853;0.00;0.00;0.00;0.32
175176833;2023.11.24 11:53:27;buy;0.01;gbpusd#;125.482;125.600;0.00000;2023.11.24 12:31:47;125.600;0.00;0.00;0.00;1.08
175175151;2023.11.24 10:41:54;sell;0.01;audchf#;0.58007;0.58007;0.00000;2023.11.24 15:28:33;0.58007;0.00;0.00;0.00;0.00
175160363;2023.11.23 14:59:56;sell;0.01;eurgbp#;0.86927;0.86850;0.00000;2023.11.24 12:35:05;0.86850;0.00;0.00;0.00;0.89
175142660;2023.11.22 19:08:38;buy;0.01;eurgbp#;0.87181;0.87182;0.00000;2023.11.23 07:18:33;0.87182;0.00;0.00;0.00;0.01
175135848;2023.11.22 15:59:56;sell;0.01;gbpjpy#;186.764;186.751;0.000;2023.11.22 16:04:08;186.738;0.00;0.00;0.00;0.16
175130625;2023.11.22 11:10:51;sell;0.01;nzdusd#;0.60274;0.60252;0.00000;2023.11.22 11:23:44;0.60254;0.00;0.00;0.00;0.19
175129858;2023.11.22 10:46:09;buy;0.01;silver#;23.784;23.795;0.000;2023.11.22 11:12:56;23.794;0.00;0.00;0.00;0.46
175129706;2023.11.22 10:44:36;buy;0.01;gold#;2000.44;2000.45;0.00;2023.11.22 10:47:59;2000.44;0.00;0.00;0.00;0.00
175129576;2023.11.22 10:42:12;sell;0.01;usdchf#;0.88580;0.88502;0.00000;2023.11.22 11:11:54;0.88502;0.00;0.00;0.00;0.81
175129371;2023.11.22 10:37:41;buy;0.01;eurusd#;108.977;109.081;0.00000;2023.11.22 11:44:29;109.081;0.00;0.00;0.00;0.95
175129296;2023.11.22 10:35:49;buy;0.01;audusd#;0.65339;0.65347;0.00000;2023.11.22 10:48:30;0.65347;0.00;0.00;0.00;0.07
175116635;2023.11.21 17:47:17;buy;0.01;audchf#;0.57940;0.57953;0.00000;2023.11.21 18:47:20;0.57953;0.00;0.00;0.00;0.14
175109280;2023.11.21 12:26:04;sell;0.01;audusd#;0.65682;0.65641;0.00000;2023.11.21 17:31:10;0.65641;0.00;0.00;0.00;0.38
175109276;2023.11.21 12:25:36;sell;0.01;gold#;1988.39;1987.45;0.00;2023.11.21 13:03:03;1987.49;0.00;0.00;0.00;0.82
175106869;2023.11.21 10:08:29;sell;0.01;gold#;1993.80;1992.78;0.00;2023.11.21 10:12:44;1992.80;0.00;0.00;0.00;0.91
175098449;2023.11.20 22:01:46;sell;0.01;eurgbp#;0.87492;0.87479;0.00000;2023.11.21 08:38:24;0.87479;0.00;0.00;0.00;0.15
175096753;2023.11.20 19:46:35;buy;0.01;eurusd#;109.387;0.00000;0.00000;2023.11.20 20:52:58;109.442;0.00;0.00;0.00;0.50
175093318;2023.11.20 16:53:13;sell;0.05;gold#;1972.74;0.00;0.00;2023.11.20 16:59:41;1970.33;0.00;0.00;0.00;11.02
175090329;2023.11.20 14:57:50;sell;0.01;gold#;1972.75;1972.41;0.00;2023.11.20 15:07:18;1972.49;0.00;0.00;0.00;0.24
175090316;2023.11.20 14:56:53;sell;0.01;gold#;1973.19;1973.08;0.00;2023.11.20 14:57:46;1973.08;0.00;0.00;0.00;0.10
175086927;2023.11.20 12:10:49;buy;0.10;eurusd#;109.285;109.316;0.00000;2023.11.20 12:40:35;109.316;0.00;0.00;0.00;2.84
175086363;2023.11.20 11:51:47;buy;0.10;usdjpy#;148.307;148.326;148.702;2023.11.20 12:06:31;148.326;0.00;0.00;0.00;1.17
175085057;2023.11.20 10:56:58;buy;0.10;nzdusd#;0.60312;0.60400;0.00000;2023.11.20 11:35:48;0.60397;0.00;0.00;0.00;7.77
175057037;2023.11.17 14:37:38;buy;0.05;audusd#;0.65008;0.00000;0.00000;2023.11.17 19:55:07;0.65026;0.00;0.00;0.00;0.82
175041451;2023.11.16 22:22:02;sell;0.10;usdjpy#;150.658;150.655;0.000;2023.11.17 02:02:34;150.656;0.00;0.00;0.00;0.13
175039818;2023.11.16 20:50:02;sell;0.05;usdjpy#;150.509;150.478;0.000;2023.11.17 04:35:46;150.478;0.00;0.00;0.00;0.95
175038190;2023.11.16 19:36:15;sell;0.05;eurgbp#;0.87377;0.87373;0.00000;2023.11.21 10:48:11;0.87374;0.00;0.00;0.00;0.17
175037872;2023.11.16 19:17:08;sell;0.05;audchf#;0.57458;0.57429;0.00000;2023.12.05 10:54:30;0.57431;0.00;0.00;0.00;1.43
175037581;2023.11.16 19:05:31;sell;0.01;gbpjpy#;187.115;187.070;186.899;2023.11.16 19:37:45;187.070;0.00;0.00;0.00;0.28
175037495;2023.11.16 19:02:20;sell;0.10;usdjpy#;150.612;150.597;0.000;2023.11.16 19:15:02;150.597;0.00;0.00;0.00;0.91
175034669;2023.11.16 17:50:04;sell;0.01;usdchf#;0.88731;0.88715;0.00000;2023.11.16 18:05:24;0.88716;0.00;0.00;0.00;0.15
175034641;2023.11.16 17:48:57;buy;0.10;nzdusd#;0.59979;0.60243;0.00000;2023.11.20 08:26:54;0.60243;0.00;0.00;0.00;24.18
175034593;2023.11.16 17:47:07;buy;0.10;eurusd#;108.757;108.766;0.00000;2023.11.16 17:50:25;108.765;0.00;0.00;0.00;0.74
175033016;2023.11.16 17:11:51;sell;0.10;eurusd#;108.843;108.754;108.567;2023.11.16 17:47:03;108.755;0.00;0.00;0.00;8.09
175032925;2023.11.16 17:09:37;sell;0.10;eurusd#;108.865;108.848;108.581;2023.11.16 17:11:40;108.848;0.00;0.00;0.00;1.56
175031164;2023.11.16 16:29:56;buy;0.10;eurusd#;108.640;108.644;0.00000;2023.11.16 16:32:02;108.643;0.00;0.00;0.00;0.28
175025591;2023.11.16 12:22:13;buy;0.10;audchf#;0.57717;0.57729;0.00000;2023.11.16 15:53:42;0.57729;0.00;0.00;0.00;1.24
175025480;2023.11.16 12:02:45;sell;0.10;usdjpy#;151.296;151.250;0.000;2023.11.16 12:11:47;151.250;0.00;0.00;0.00;2.80
175025150;2023.11.16 11:40:31;buy;0.10;audusd#;0.64949;0.64957;0.00000;2023.11.16 15:38:53;0.64955;0.00;0.00;0.00;0.56
175024288;2023.11.16 10:52:38;buy;0.10;eurgbp#;0.87579;0.87591;0.00000;2023.11.17 11:01:55;0.87590;0.00;0.00;0.00;1.26
175023358;2023.11.16 09:48:10;buy;0.10;usdjpy#;151.357;151.389;0.000;2023.11.16 10:09:00;151.391;0.00;0.00;0.00;2.07
175014784;2023.11.15 20:40:49;buy;0.05;eurgbp#;0.87359;0.00000;0.00000;2023.11.15 23:10:46;0.87380;0.00;0.00;0.00;1.20
175012156;2023.11.15 17:48:58;sell;0.01;gbpusd#;124.362;124.196;0.00000;2023.11.15 19:21:47;124.196;0.00;0.00;0.00;1.54
175005609;2023.11.15 14:32:49;buy;0.01;audchf#;0.57913;0.57928;0.00000;2023.11.20 09:23:53;0.57928;0.00;0.00;0.00;0.16
175005608;2023.11.15 14:32:44;buy;0.01;audusd#;0.65201;0.65252;0.00000;2023.11.15 15:11:22;0.65251;0.00;0.00;0.00;0.46
175005471;2023.11.15 14:21:54;sell;0.01;usdjpy#;150.412;150.397;0.000;2023.11.15 15:03:56;150.397;0.00;0.00;0.00;0.09
175002452;2023.11.15 11:08:09;sell;0.01;usdchf#;0.88837;0.00000;0.00000;2023.11.15 13:15:21;0.88832;0.00;0.00;0.00;0.05
174993102;2023.11.14 21:10:07;buy;0.01;audusd#;0.64986;0.65025;0.00000;2023.11.14 21:38:32;0.65025;0.00;0.00;0.00;0.36
174988785;2023.11.14 17:50:26;buy;0.01;gbpusd#;124.514;124.671;0.00000;2023.11.14 18:10:06;124.671;0.00;0.00;0.00;1.45
174902316;2023.11.09 22:14:45;sell;0.01;audchf#;0.57592;0.00000;0.00000;2023.11.09 22:28:13;0.57587;0.00;0.00;0.00;0.05
174895296;2023.11.09 18:13:19;buy;0.01;audusd#;0.64218;0.64221;0.00000;2023.11.14 15:30:47;0.64221;0.00;0.00;0.00;0.03
174888630;2023.11.09 15:30:25;buy;0.01;usdchf#;0.90100;0.90104;0.00000;2023.11.09 15:33:37;0.90103;0.00;0.00;0.00;0.03
174887002;2023.11.09 14:46:57;buy;0.01;eurgbp#;0.87162;0.87194;0.00000;2023.11.09 15:31:12;0.87194;0.00;0.00;0.00;0.37
174885800;2023.11.09 14:09:15;buy;0.01;usdjpy#;151.089;151.134;0.000;2023.11.09 14:30:43;151.134;0.00;0.00;0.00;0.28
174885704;2023.11.09 14:04:37;buy;0.01;usdjpy#;151.126;151.133;0.000;2023.11.09 14:30:44;151.133;0.00;0.00;0.00;0.05
174884046;2023.11.09 13:11:19;sell;0.10;eurgbp#;0.87079;0.00000;0.87067;2023.11.14 09:28:10;0.87066;0.00;0.00;0.00;1.49
174883612;2023.11.09 12:59:18;sell;0.01;gold#;1947.05;1946.84;0.00;2023.11.09 13:01:58;1946.93;0.00;0.00;0.00;0.11
174879960;2023.11.09 11:13:42;buy;0.01;eurgbp#;0.87004;0.87046;0.00000;2023.11.09 13:03:22;0.87062;0.00;0.00;0.00;0.67
174875264;2023.11.09 08:40:26;sell;0.01;eurusd#;107.064;107.060;0.00000;2023.11.09 09:21:22;107.060;0.00;0.00;0.00;0.04
174875218;2023.11.09 08:36:40;buy;0.01;usdjpy#;150.989;151.024;0.000;2023.11.09 10:31:44;151.019;0.00;0.00;0.00;0.19
174865531;2023.11.08 20:48:17;sell;1.00;oil-dec23;75.28;0.00;0.00;2023.11.16 00:48:36;76.59;0.00;0.00;0.00;-120.77
174865407;2023.11.08 20:41:04;sell;0.01;gold#;1952.53;1952.31;0.00;2023.11.08 20:45:47;1952.32;0.00;0.00;0.00;0.20
174864069;2023.11.08 19:55:29;sell;0.01;gbpjpy#;185.450;185.447;0.000;2023.11.09 00:11:18;185.470;0.00;0.00;0.00;-0.12
174863846;2023.11.08 19:42:21;sell;0.01;usdchf#;0.89915;0.89899;0.00000;2023.11.08 20:07:43;0.89899;0.00;0.00;0.00;0.17
174863662;2023.11.08 19:33:38;sell;0.10;usdchf#;0.89937;0.89917;0.00000;2023.11.08 19:41:00;0.89917;0.00;0.00;0.00;2.08
174863497;2023.11.08 19:29:18;sell;0.10;usdchf#;0.89897;0.89895;0.00000;2023.11.08 20:07:33;0.89898;0.00;0.00;0.00;-0.10
174858271;2023.11.08 17:55:01;buy;0.10;usdjpy#;150.839;150.877;0.000;2023.11.08 19:35:23;150.895;0.00;0.00;0.00;3.47
174856617;2023.11.08 17:25:27;buy;0.01;audchf#;0.57732;0.57737;0.00000;2023.11.09 09:37:00;0.57735;0.00;0.00;0.00;0.03
174856123;2023.11.08 17:05:02;buy;0.01;gbpusd#;122.746;122.749;0.00000;2023.11.08 17:07:35;122.745;0.00;0.00;0.00;-0.01
174855715;2023.11.08 16:59:21;sell;0.01;gbpusd#;122.812;122.739;0.00000;2023.11.08 17:04:12;122.739;0.00;0.00;0.00;0.68
174855624;2023.11.08 16:55:08;sell;0.01;gbpjpy#;185.267;185.246;0.000;2023.11.08 17:02:45;185.248;0.00;0.00;0.00;0.12
174854779;2023.11.08 16:31:42;sell;0.01;usdchf#;0.89998;0.89965;0.00000;2023.11.08 16:37:06;0.89965;0.00;0.00;0.00;0.35
174854230;2023.11.08 16:09:57;sell;0.01;silver#;22.719;22.770;22.620;2023.11.08 16:16:02;22.770;0.00;0.00;0.00;-2.39
174854107;2023.11.08 16:03:18;buy;0.10;usdjpy#;150.893;0.000;0.000;2023.11.08 17:27:01;150.910;0.00;0.00;0.00;1.05
174853802;2023.11.08 15:55:04;sell;1.00;oil-dec23;76.96;76.78;0.00;2023.11.08 16:02:25;76.79;0.00;0.00;0.00;15.93
174853752;2023.11.08 15:52:27;sell;0.01;usdjpy#;150.969;150.877;0.000;2023.11.08 16:03:09;150.871;0.00;0.00;0.00;0.60
174853749;2023.11.08 15:52:08;sell;0.01;usdchf#;0.90085;0.90017;0.00000;2023.11.08 16:08:16;0.90007;0.00;0.00;0.00;0.81
174853743;2023.11.08 15:51:38;sell;0.01;audchf#;0.57839;0.57833;0.00000;2023.11.08 16:37:40;0.57833;0.00;0.00;0.00;0.06
174849383;2023.11.08 11:45:19;sell limit;0.01;silver#;22.522;0.000;0.000;2023.11.08 11:45:45;22.510;cancelled;;;
174848650;2023.11.08 11:10:47;buy;0.10;silver#;22.568;22.619;0.000;2023.11.08 15:41:04;22.619;0.00;0.00;0.00;23.91
174847006;2023.11.08 09:44:35;buy;0.01;usdchf#;0.90169;0.90173;0.00000;2023.11.08 10:20:17;0.90173;0.00;0.00;0.00;0.04
174846997;2023.11.08 09:42:45;buy;0.10;usdchf#;0.90177;0.90182;0.00000;2023.11.08 10:59:22;0.90181;0.00;0.00;0.00;0.42
174845655;2023.11.08 08:22:11;sell;0.01;gold#;1968.41;1968.39;1966.11;2023.11.08 08:26:35;1968.41;0.00;0.00;0.00;0.00
174839818;2023.11.07 22:08:24;buy;0.01;audusd#;0.64290;0.64292;0.00000;2023.11.07 22:17:22;0.64308;0.00;0.00;0.00;0.17
174839602;2023.11.07 21:57:57;buy;0.01;gbpusd#;122.966;0.00000;0.00000;2023.11.07 22:22:52;122.952;0.00;0.00;0.00;-0.13
174838871;2023.11.07 20:59:42;sell;0.01;gbpjpy#;184.908;0.000;0.000;2023.11.07 22:22:56;184.978;0.00;0.00;0.00;-0.43
174838047;2023.11.07 20:16:15;sell;0.01;gbpusd#;122.805;0.00000;0.00000;2023.11.07 22:22:57;122.964;0.00;0.00;0.00;-1.48
174832704;2023.11.07 15:55:19;sell;0.01;gold#;1965.35;1961.62;1959.39;2023.11.07 17:02:21;1961.65;0.00;0.00;0.00;3.47
174831223;2023.11.07 14:56:55;buy;0.01;gold#;1959.23;1959.46;0.00;2023.11.07 15:04:17;1959.36;0.00;0.00;0.00;0.12
174830428;2023.11.07 14:21:18;sell;0.01;gbpusd#;122.985;122.979;0.00000;2023.11.07 14:25:28;122.979;0.00;0.00;0.00;0.06
174830367;2023.11.07 14:16:56;sell;0.10;eurusd#;106.821;106.807;0.00000;2023.11.07 14:43:49;106.807;0.00;0.00;0.00;1.31
174830362;2023.11.07 14:16:39;sell;0.01;gbpjpy#;184.962;184.918;0.000;2023.11.07 19:06:34;184.919;0.00;0.00;0.00;0.26
174830035;2023.11.07 14:03:54;sell;0.01;gbpjpy#;184.860;184.850;0.000;2023.11.07 19:17:19;184.850;0.00;0.00;0.00;0.06
174830034;2023.11.07 14:03:45;sell;0.01;gbpusd#;122.914;122.902;0.00000;2023.11.07 14:10:21;122.906;0.00;0.00;0.00;0.07
174829671;2023.11.07 13:45:13;buy;0.01;gold#;1963.76;1964.17;0.00;2023.11.07 13:51:14;1964.15;0.00;0.00;0.00;0.37
174829484;2023.11.07 13:40:45;buy;0.01;gold#;1963.64;1963.68;0.00;2023.11.07 13:41:44;1963.68;0.00;0.00;0.00;0.04
174829471;2023.11.07 13:40:08;buy;0.10;audusd#;0.64121;0.00000;0.00000;2023.11.07 13:55:07;0.64136;0.00;0.00;0.00;1.40
174829012;2023.11.07 13:26:58;buy;0.05;audusd#;0.64170;0.00000;0.00000;2023.11.07 14:01:10;0.64178;0.00;0.00;0.00;0.37
174828066;2023.11.07 12:34:29;sell;0.01;silver#;22.701;22.694;0.000;2023.11.07 12:40:44;22.694;0.00;0.00;0.00;0.33
174827878;2023.11.07 12:26:09;sell;0.10;eurusd#;106.953;106.907;0.00000;2023.11.07 12:37:36;106.896;0.00;0.00;0.00;5.33
174827827;2023.11.07 12:23:17;buy;0.01;silver#;22.659;0.000;0.000;2023.11.07 12:31:58;22.673;0.00;0.00;0.00;0.65
174827386;2023.11.07 12:00:16;buy;0.10;audusd#;0.64216;0.64224;0.00000;2023.11.07 12:22:21;0.64238;0.00;0.00;0.00;2.06
174826503;2023.11.07 11:35:18;sell;0.01;gold#;1967.74;1966.94;0.00;2023.11.07 11:43:30;1966.94;0.00;0.00;0.00;0.75
174826497;2023.11.07 11:34:35;buy;0.01;gbpjpy#;185.159;185.176;0.000;2023.11.07 15:04:01;185.171;0.00;0.00;0.00;0.07
174826495;2023.11.07 11:34:03;buy;0.01;gbpusd#;123.137;0.00000;0.00000;2023.11.07 22:22:57;122.952;0.00;0.00;0.00;-1.73
174825724;2023.11.07 11:12:24;buy;0.01;gold#;1965.13;1965.43;0.00;2023.11.07 11:14:23;1965.41;0.00;0.00;0.00;0.26
174825532;2023.11.07 11:06:05;buy;0.01;nzdusd#;0.59220;0.59237;0.00000;2023.11.07 12:35:53;0.59237;0.00;0.00;0.00;0.16
174825520;2023.11.07 11:05:44;buy;0.10;audusd#;0.64300;0.64325;0.00000;2023.11.07 21:05:44;0.64324;0.00;0.00;0.00;2.24
174825439;2023.11.07 11:03:56;buy;0.01;audchf#;0.57834;0.00000;0.00000;2023.11.07 12:38:10;0.57838;0.00;0.00;0.00;0.04
174825010;2023.11.07 10:54:31;buy;0.01;usdjpy#;150.279;150.327;0.000;2023.11.07 11:03:15;150.322;0.00;0.00;0.00;0.27
174824963;2023.11.07 10:50:31;sell;0.01;audchf#;0.57889;0.57853;0.00000;2023.11.07 11:03:48;0.57836;0.00;0.00;0.00;0.56
174824337;2023.11.07 10:04:08;sell;0.05;eurusd#;106.990;106.978;0.00000;2023.11.07 10:16:40;106.981;0.00;0.00;0.00;0.42
174824069;2023.11.07 09:53:55;buy;0.01;audchf#;0.57857;0.57872;0.00000;2023.11.07 10:15:34;0.57872;0.00;0.00;0.00;0.16
174824068;2023.11.07 09:53:40;buy;0.10;audusd#;0.64244;0.64266;0.00000;2023.11.07 10:06:22;0.64265;0.00;0.00;0.00;1.96
174822165;2023.11.07 08:28:55;sell;0.10;usdchf#;0.90096;0.90091;0.00000;2023.11.07 09:34:17;0.90091;0.00;0.00;0.00;0.52
174822155;2023.11.07 08:28:18;buy;0.10;audusd#;0.64319;0.64334;0.00000;2023.11.07 10:45:34;0.64354;0.00;0.00;0.00;3.27
174810325;2023.11.06 18:04:07;sell;0.05;gbpjpy#;185.536;185.505;0.000;2023.11.06 19:07:57;185.507;0.00;0.00;0.00;0.90
174807871;2023.11.06 16:25:07;sell;0.01;audchf#;0.58412;0.58391;0.00000;2023.11.06 16:39:17;0.58375;0.00;0.00;0.00;0.38
174804419;2023.11.06 13:48:03;sell;0.01;audchf#;0.58376;0.00000;0.00000;2023.11.06 16:39:18;0.58375;0.00;0.00;0.00;0.01
174804411;2023.11.06 13:45:45;sell;0.10;nzdusd#;0.59820;0.59813;0.00000;2023.11.06 14:08:45;0.59813;0.00;0.00;0.00;0.65
174804219;2023.11.06 13:25:22;sell;0.10;audchf#;0.58350;0.58344;0.00000;2023.11.06 16:55:06;0.58344;0.00;0.00;0.00;0.63
174804210;2023.11.06 13:24:11;sell;0.10;audchf#;0.58352;0.58351;0.00000;2023.11.06 16:46:31;0.58351;0.00;0.00;0.00;0.11
174803363;2023.11.06 12:23:54;sell;0.10;usdchf#;0.89651;0.89643;0.00000;2023.11.06 12:30:35;0.89620;0.00;0.00;0.00;3.22
174802703;2023.11.06 11:41:07;sell;0.10;usdjpy#;149.605;149.595;0.000;2023.11.06 13:21:48;149.595;0.00;0.00;0.00;0.62
174802526;2023.11.06 11:23:22;buy;0.05;eurgbp#;0.86599;0.86649;0.00000;2023.11.06 12:00:31;0.86669;0.00;0.00;0.00;4.04
174801896;2023.11.06 11:00:00;buy;0.10;eurgbp#;0.86622;0.86629;0.86650;2023.11.06 11:58:39;0.86650;0.00;0.00;0.00;3.23
174801474;2023.11.06 10:38:22;buy;0.10;usdjpy#;149.430;0.000;0.000;2023.11.06 10:50:57;149.440;0.00;0.00;0.00;0.62
174801189;2023.11.06 10:29:58;buy;0.10;usdjpy#;149.428;149.437;0.000;2023.11.06 10:35:48;149.438;0.00;0.00;0.00;0.62
174800598;2023.11.06 10:02:40;buy;0.10;audusd#;0.65086;0.65128;0.00000;2023.11.06 10:16:17;0.65139;0.00;0.00;0.00;4.93
174799018;2023.11.06 08:13:43;sell;0.10;nzdusd#;0.59969;0.59948;0.00000;2023.11.06 09:10:34;0.59949;0.00;0.00;0.00;1.86
174799016;2023.11.06 08:11:53;sell;0.10;audchf#;0.58425;0.58414;0.00000;2023.11.06 09:02:11;0.58415;0.00;0.00;0.00;1.04
174788065;2023.11.03 19:22:44;sell;0.10;usdchf#;0.89804;0.89787;0.00000;2023.11.03 19:33:47;0.89775;0.00;0.00;0.00;3.01
174788066;2023.11.03 19:22:44;sell;0.10;usdjpy#;149.383;149.373;0.000;2023.11.03 19:39:32;149.374;0.00;0.00;0.00;0.56
174783684;2023.11.03 16:28:20;buy;0.05;eurusd#;106.975;107.064;0.00000;2023.11.03 16:32:47;107.064;0.00;0.00;0.00;4.16
174783391;2023.11.03 16:21:39;sell;0.10;usdjpy#;149.619;149.612;0.000;2023.11.03 16:32:47;149.612;0.00;0.00;0.00;0.44
174783246;2023.11.03 16:18:00;buy;0.10;audusd#;0.64874;0.64881;0.00000;2023.11.03 16:20:21;0.64880;0.00;0.00;0.00;0.56
174783050;2023.11.03 16:15:19;buy;0.05;nzdusd#;0.59666;0.59688;0.00000;2023.11.03 16:20:21;0.59688;0.00;0.00;0.00;1.03
174782808;2023.11.03 16:11:51;sell;0.05;usdjpy#;149.542;149.491;0.000;2023.11.03 16:57:29;149.491;0.00;0.00;0.00;1.59
174782659;2023.11.03 16:07:43;buy;0.10;audusd#;0.64887;0.64902;0.65086;2023.11.03 16:40:39;0.64902;0.00;0.00;0.00;1.40
174782660;2023.11.03 16:07:43;sell;0.10;usdjpy#;149.555;149.542;0.000;2023.11.03 16:08:42;149.544;0.00;0.00;0.00;0.69
174773521;2023.11.03 13:55:43;sell;0.10;usdchf#;0.90494;0.90431;0.00000;2023.11.03 14:17:53;0.90433;0.00;0.00;0.00;6.33
174769889;2023.11.03 10:05:40;buy;0.05;nzdusd#;0.59074;0.00000;0.59130;2023.11.03 10:14:58;0.59083;0.00;0.00;0.00;0.43
174768450;2023.11.03 08:17:45;sell;0.10;eurgbp#;0.87091;0.87091;0.00000;2023.11.03 09:45:17;0.87091;0.00;0.00;0.00;0.00
174746669;2023.11.02 16:37:40;buy;0.10;eurusd#;106.350;106.372;0.00000;2023.11.02 16:42:08;106.372;0.00;0.00;0.00;2.07
174746558;2023.11.02 16:32:14;buy;0.10;eurusd#;106.300;106.307;0.00000;2023.11.02 16:35:31;106.305;0.00;0.00;0.00;0.47
174746066;2023.11.02 16:15:02;buy;0.05;eurusd#;106.362;106.367;0.00000;2023.11.02 16:22:33;106.367;0.00;0.00;0.00;0.24
174744919;2023.11.02 15:48:07;buy;0.05;eurusd#;106.463;106.498;106.538;2023.11.03 13:30:43;106.497;0.00;0.00;0.00;1.60
174740047;2023.11.02 13:40:54;buy;0.05;nzdusd#;0.58992;0.58999;0.00000;2023.11.02 14:20:28;0.58999;0.00;0.00;0.00;0.33
174739861;2023.11.02 13:29:35;buy;0.10;nzdusd#;0.59015;0.59049;0.00000;2023.11.02 14:30:56;0.59048;0.00;0.00;0.00;3.10
174739824;2023.11.02 13:26:35;buy;0.10;nzdusd#;0.59017;0.59043;0.59088;2023.11.02 14:31:02;0.59043;0.00;0.00;0.00;2.44
174739823;2023.11.02 13:26:35;buy;0.10;audusd#;0.64386;0.64402;0.64447;2023.11.02 14:30:23;0.64447;0.00;0.00;0.00;5.72
174738371;2023.11.02 12:09:25;buy;0.10;audusd#;0.64371;0.64397;0.64444;2023.11.02 12:42:15;0.64412;0.00;0.00;0.00;3.85
174736374;2023.11.02 10:46:15;sell;0.01;gbpusd#;121.690;121.901;0.00000;2023.11.02 10:52:28;121.659;0.00;0.00;0.00;0.29
174735865;2023.11.02 10:21:05;buy;0.01;gbpusd#;121.605;121.655;0.00000;2023.11.02 10:27:14;121.655;0.00;0.00;0.00;0.47
174726781;2023.11.01 22:48:28;buy;0.10;eurgbp#;0.87001;0.00000;0.00000;2023.11.02 08:21:43;0.87018;0.00;0.00;0.00;1.95
174726244;2023.11.01 22:06:28;buy;0.10;audchf#;0.58002;0.00000;0.00000;2023.11.01 22:34:58;0.58004;0.00;0.00;0.00;0.21
174718042;2023.11.01 18:03:57;buy;0.10;audchf#;0.57931;0.57939;0.00000;2023.11.01 20:00:46;0.57939;0.00;0.00;0.00;0.83
174714664;2023.11.01 17:31:59;buy;0.10;audchf#;0.57992;0.58010;0.00000;2023.11.01 20:33:45;0.58007;0.00;0.00;0.00;1.56
174714600;2023.11.01 17:31:30;buy;0.05;nzdusd#;0.58376;0.58377;0.00000;2023.11.01 17:37:35;0.58376;0.00;0.00;0.00;0.00
174699344;2023.11.01 11:36:50;buy;0.05;nzdusd#;0.58181;0.58190;0.00000;2023.11.01 12:37:19;0.58187;0.00;0.00;0.00;0.29
174699243;2023.11.01 11:33:52;buy;0.10;audchf#;0.57670;0.57679;0.00000;2023.11.01 14:31:50;0.57704;0.00;0.00;0.00;3.55
174697047;2023.11.01 09:57:36;buy;0.05;nzdusd#;0.58146;0.58173;0.00000;2023.11.01 10:15:40;0.58171;0.00;0.00;0.00;1.18
